0, NVIDIA GeForce RTX 4090, 0 MiB, 24564 MiB, 0 %
1, NVIDIA GeForce RTX 4090, 0 MiB, 24564 MiB, 0 %
2, NVIDIA GeForce RTX 4090, 0 MiB, 24564 MiB, 0 %
3, NVIDIA GeForce RTX 4090, 0 MiB, 24564 MiB, 0 %
0, NVIDIA GeForce RTX 4090, 0 MiB, 24564 MiB, 0 %
1, NVIDIA GeForce RTX 4090, 0 MiB, 24564 MiB, 0 %
2, NVIDIA GeForce RTX 4090, 0 MiB, 24564 MiB, 0 %
3, NVIDIA GeForce RTX 4090, 0 MiB, 24564 MiB, 0 %
0, NVIDIA GeForce RTX 4090, 0 MiB, 24564 MiB, 0 %
1, NVIDIA GeForce RTX 4090, 0 MiB, 24564 MiB, 0 %
2, NVIDIA GeForce RTX 4090, 0 MiB, 24564 MiB, 0 %
3, NVIDIA GeForce RTX 4090, 0 MiB, 24564 MiB, 0 %
0, NVIDIA GeForce RTX 4090, 6338 MiB, 24564 MiB, 0 %
1, NVIDIA GeForce RTX 4090, 0 MiB, 24564 MiB, 0 %
2, NVIDIA GeForce RTX 4090, 0 MiB, 24564 MiB, 0 %
3, NVIDIA GeForce RTX 4090, 0 MiB, 24564 MiB, 0 %
0, NVIDIA GeForce RTX 4090, 6338 MiB, 24564 MiB, 0 %
1, NVIDIA GeForce RTX 4090, 0 MiB, 24564 MiB, 0 %
2, NVIDIA GeForce RTX 4090, 0 MiB, 24564 MiB, 0 %
3, NVIDIA GeForce RTX 4090, 0 MiB, 24564 MiB, 0 %
0, NVIDIA GeForce RTX 4090, 19988 MiB, 24564 MiB, 73 %
1, NVIDIA GeForce RTX 4090, 0 MiB, 24564 MiB, 0 %
2, NVIDIA GeForce RTX 4090, 0 MiB, 24564 MiB, 0 %
3, NVIDIA GeForce RTX 4090, 0 MiB, 24564 MiB, 0 %
0, NVIDIA GeForce RTX 4090, 21996 MiB, 24564 MiB, 0 %
1, NVIDIA GeForce RTX 4090, 0 MiB, 24564 MiB, 0 %
2, NVIDIA GeForce RTX 4090, 0 MiB, 24564 MiB, 0 %
3, NVIDIA GeForce RTX 4090, 0 MiB, 24564 MiB, 0 %
0, NVIDIA GeForce RTX 4090, 21996 MiB, 24564 MiB, 0 %
1, NVIDIA GeForce RTX 4090, 0 MiB, 24564 MiB, 0 %
2, NVIDIA GeForce RTX 4090, 0 MiB, 24564 MiB, 0 %
3, NVIDIA GeForce RTX 4090, 0 MiB, 24564 MiB, 0 %
0, NVIDIA GeForce RTX 4090, 21996 MiB, 24564 MiB, 0 %
1, NVIDIA GeForce RTX 4090, 0 MiB, 24564 MiB, 0 %
2, NVIDIA GeForce RTX 4090, 0 MiB, 24564 MiB, 0 %
3, NVIDIA GeForce RTX 4090, 0 MiB, 24564 MiB, 0 %
0, NVIDIA GeForce RTX 4090, 21996 MiB, 24564 MiB, 0 %
1, NVIDIA GeForce RTX 4090, 1698 MiB, 24564 MiB, 0 %
2, NVIDIA GeForce RTX 4090, 0 MiB, 24564 MiB, 0 %
3, NVIDIA GeForce RTX 4090, 0 MiB, 24564 MiB, 0 %
0, NVIDIA GeForce RTX 4090, 21996 MiB, 24564 MiB, 0 %
1, NVIDIA GeForce RTX 4090, 7792 MiB, 24564 MiB, 7 %
2, NVIDIA GeForce RTX 4090, 0 MiB, 24564 MiB, 0 %
3, NVIDIA GeForce RTX 4090, 0 MiB, 24564 MiB, 0 %
0, NVIDIA GeForce RTX 4090, 21996 MiB, 24564 MiB, 0 %
1, NVIDIA GeForce RTX 4090, 9420 MiB, 24564 MiB, 0 %
2, NVIDIA GeForce RTX 4090, 0 MiB, 24564 MiB, 0 %
3, NVIDIA GeForce RTX 4090, 0 MiB, 24564 MiB, 0 %
0, NVIDIA GeForce RTX 4090, 21996 MiB, 24564 MiB, 0 %
1, NVIDIA GeForce RTX 4090, 9420 MiB, 24564 MiB, 0 %
2, NVIDIA GeForce RTX 4090, 0 MiB, 24564 MiB, 0 %
3, NVIDIA GeForce RTX 4090, 988 MiB, 24564 MiB, 0 %
0, NVIDIA GeForce RTX 4090, 21996 MiB, 24564 MiB, 0 %
1, NVIDIA GeForce RTX 4090, 9420 MiB, 24564 MiB, 0 %
2, NVIDIA GeForce RTX 4090, 0 MiB, 24564 MiB, 0 %
3, NVIDIA GeForce RTX 4090, 4908 MiB, 24564 MiB, 0 %
0, NVIDIA GeForce RTX 4090, 21996 MiB, 24564 MiB, 0 %
1, NVIDIA GeForce RTX 4090, 9420 MiB, 24564 MiB, 0 %
2, NVIDIA GeForce RTX 4090, 0 MiB, 24564 MiB, 0 %
3, NVIDIA GeForce RTX 4090, 4908 MiB, 24564 MiB, 0 %
0, NVIDIA GeForce RTX 4090, 21996 MiB, 24564 MiB, 0 %
1, NVIDIA GeForce RTX 4090, 9420 MiB, 24564 MiB, 0 %
2, NVIDIA GeForce RTX 4090, 0 MiB, 24564 MiB, 0 %
3, NVIDIA GeForce RTX 4090, 4908 MiB, 24564 MiB, 0 %
0, NVIDIA GeForce RTX 4090, 21996 MiB, 24564 MiB, 0 %
1, NVIDIA GeForce RTX 4090, 9420 MiB, 24564 MiB, 0 %
2, NVIDIA GeForce RTX 4090, 0 MiB, 24564 MiB, 0 %
3, NVIDIA GeForce RTX 4090, 4908 MiB, 24564 MiB, 0 %
0, NVIDIA GeForce RTX 4090, 21996 MiB, 24564 MiB, 0 %
1, NVIDIA GeForce RTX 4090, 9420 MiB, 24564 MiB, 0 %
2, NVIDIA GeForce RTX 4090, 0 MiB, 24564 MiB, 0 %
3, NVIDIA GeForce RTX 4090, 4908 MiB, 24564 MiB, 0 %
0, NVIDIA GeForce RTX 4090, 21996 MiB, 24564 MiB, 0 %
1, NVIDIA GeForce RTX 4090, 9420 MiB, 24564 MiB, 0 %
2, NVIDIA GeForce RTX 4090, 0 MiB, 24564 MiB, 0 %
3, NVIDIA GeForce RTX 4090, 4908 MiB, 24564 MiB, 0 %
0, NVIDIA GeForce RTX 4090, 21996 MiB, 24564 MiB, 0 %
1, NVIDIA GeForce RTX 4090, 9420 MiB, 24564 MiB, 0 %
2, NVIDIA GeForce RTX 4090, 0 MiB, 24564 MiB, 0 %
3, NVIDIA GeForce RTX 4090, 4908 MiB, 24564 MiB, 0 %
0, NVIDIA GeForce RTX 4090, 21996 MiB, 24564 MiB, 0 %
1, NVIDIA GeForce RTX 4090, 9420 MiB, 24564 MiB, 0 %
2, NVIDIA GeForce RTX 4090, 0 MiB, 24564 MiB, 0 %
3, NVIDIA GeForce RTX 4090, 4908 MiB, 24564 MiB, 0 %
0, NVIDIA GeForce RTX 4090, 21996 MiB, 24564 MiB, 0 %
1, NVIDIA GeForce RTX 4090, 9420 MiB, 24564 MiB, 0 %
2, NVIDIA GeForce RTX 4090, 0 MiB, 24564 MiB, 0 %
3, NVIDIA GeForce RTX 4090, 4908 MiB, 24564 MiB, 0 %
0, NVIDIA GeForce RTX 4090, 21996 MiB, 24564 MiB, 0 %
1, NVIDIA GeForce RTX 4090, 9420 MiB, 24564 MiB, 0 %
2, NVIDIA GeForce RTX 4090, 0 MiB, 24564 MiB, 0 %
3, NVIDIA GeForce RTX 4090, 4908 MiB, 24564 MiB, 0 %
0, NVIDIA GeForce RTX 4090, 21996 MiB, 24564 MiB, 0 %
1, NVIDIA GeForce RTX 4090, 9420 MiB, 24564 MiB, 0 %
2, NVIDIA GeForce RTX 4090, 0 MiB, 24564 MiB, 0 %
3, NVIDIA GeForce RTX 4090, 4908 MiB, 24564 MiB, 0 %
0, NVIDIA GeForce RTX 4090, 21996 MiB, 24564 MiB, 0 %
1, NVIDIA GeForce RTX 4090, 9420 MiB, 24564 MiB, 0 %
2, NVIDIA GeForce RTX 4090, 0 MiB, 24564 MiB, 0 %
3, NVIDIA GeForce RTX 4090, 4908 MiB, 24564 MiB, 0 %
0, NVIDIA GeForce RTX 4090, 21996 MiB, 24564 MiB, 0 %
1, NVIDIA GeForce RTX 4090, 9420 MiB, 24564 MiB, 0 %
2, NVIDIA GeForce RTX 4090, 0 MiB, 24564 MiB, 0 %
3, NVIDIA GeForce RTX 4090, 4908 MiB, 24564 MiB, 0 %
0, NVIDIA GeForce RTX 4090, 21996 MiB, 24564 MiB, 0 %
1, NVIDIA GeForce RTX 4090, 9420 MiB, 24564 MiB, 0 %
2, NVIDIA GeForce RTX 4090, 0 MiB, 24564 MiB, 0 %
3, NVIDIA GeForce RTX 4090, 4908 MiB, 24564 MiB, 0 %
0, NVIDIA GeForce RTX 4090, 21996 MiB, 24564 MiB, 0 %
1, NVIDIA GeForce RTX 4090, 9420 MiB, 24564 MiB, 0 %
2, NVIDIA GeForce RTX 4090, 0 MiB, 24564 MiB, 0 %
3, NVIDIA GeForce RTX 4090, 12102 MiB, 24564 MiB, 0 %
0, NVIDIA GeForce RTX 4090, 21996 MiB, 24564 MiB, 0 %
1, NVIDIA GeForce RTX 4090, 9420 MiB, 24564 MiB, 0 %
2, NVIDIA GeForce RTX 4090, 0 MiB, 24564 MiB, 0 %
3, NVIDIA GeForce RTX 4090, 12102 MiB, 24564 MiB, 0 %
0, NVIDIA GeForce RTX 4090, 21996 MiB, 24564 MiB, 0 %
1, NVIDIA GeForce RTX 4090, 9420 MiB, 24564 MiB, 0 %
2, NVIDIA GeForce RTX 4090, 3 MiB, 24564 MiB, 0 %
3, NVIDIA GeForce RTX 4090, 12102 MiB, 24564 MiB, 0 %
0, NVIDIA GeForce RTX 4090, 21996 MiB, 24564 MiB, 0 %
1, NVIDIA GeForce RTX 4090, 9420 MiB, 24564 MiB, 0 %
2, NVIDIA GeForce RTX 4090, 530 MiB, 24564 MiB, 0 %
3, NVIDIA GeForce RTX 4090, 12102 MiB, 24564 MiB, 0 %
0, NVIDIA GeForce RTX 4090, 21996 MiB, 24564 MiB, 0 %
1, NVIDIA GeForce RTX 4090, 9420 MiB, 24564 MiB, 0 %
2, NVIDIA GeForce RTX 4090, 9398 MiB, 24564 MiB, 0 %
3, NVIDIA GeForce RTX 4090, 12102 MiB, 24564 MiB, 0 %
0, NVIDIA GeForce RTX 4090, 21996 MiB, 24564 MiB, 0 %
1, NVIDIA GeForce RTX 4090, 9420 MiB, 24564 MiB, 0 %
2, NVIDIA GeForce RTX 4090, 9402 MiB, 24564 MiB, 9 %
3, NVIDIA GeForce RTX 4090, 12102 MiB, 24564 MiB, 0 %
0, NVIDIA GeForce RTX 4090, 21996 MiB, 24564 MiB, 0 %
1, NVIDIA GeForce RTX 4090, 9420 MiB, 24564 MiB, 0 %
2, NVIDIA GeForce RTX 4090, 16966 MiB, 24564 MiB, 0 %
3, NVIDIA GeForce RTX 4090, 12102 MiB, 24564 MiB, 0 %
0, NVIDIA GeForce RTX 4090, 21996 MiB, 24564 MiB, 100 %
1, NVIDIA GeForce RTX 4090, 9420 MiB, 24564 MiB, 0 %
2, NVIDIA GeForce RTX 4090, 0 MiB, 24564 MiB, 0 %
3, NVIDIA GeForce RTX 4090, 12102 MiB, 24564 MiB, 0 %
0, NVIDIA GeForce RTX 4090, 21996 MiB, 24564 MiB, 100 %
1, NVIDIA GeForce RTX 4090, 9420 MiB, 24564 MiB, 0 %
2, NVIDIA GeForce RTX 4090, 0 MiB, 24564 MiB, 0 %
3, NVIDIA GeForce RTX 4090, 12102 MiB, 24564 MiB, 0 %
0, NVIDIA GeForce RTX 4090, 21996 MiB, 24564 MiB, 0 %
1, NVIDIA GeForce RTX 4090, 9420 MiB, 24564 MiB, 0 %
2, NVIDIA GeForce RTX 4090, 0 MiB, 24564 MiB, 0 %
3, NVIDIA GeForce RTX 4090, 12440 MiB, 24564 MiB, 0 %
0, NVIDIA GeForce RTX 4090, 21996 MiB, 24564 MiB, 0 %
1, NVIDIA GeForce RTX 4090, 9420 MiB, 24564 MiB, 0 %
2, NVIDIA GeForce RTX 4090, 1 MiB, 24564 MiB, 0 %
3, NVIDIA GeForce RTX 4090, 12440 MiB, 24564 MiB, 0 %
0, NVIDIA GeForce RTX 4090, 21996 MiB, 24564 MiB, 0 %
1, NVIDIA GeForce RTX 4090, 9420 MiB, 24564 MiB, 0 %
2, NVIDIA GeForce RTX 4090, 0 MiB, 24564 MiB, 0 %
3, NVIDIA GeForce RTX 4090, 12440 MiB, 24564 MiB, 0 %
0, NVIDIA GeForce RTX 4090, 21996 MiB, 24564 MiB, 0 %
1, NVIDIA GeForce RTX 4090, 9420 MiB, 24564 MiB, 0 %
2, NVIDIA GeForce RTX 4090, 0 MiB, 24564 MiB, 0 %
3, NVIDIA GeForce RTX 4090, 12512 MiB, 24564 MiB, 0 %
0, NVIDIA GeForce RTX 4090, 21996 MiB, 24564 MiB, 0 %
1, NVIDIA GeForce RTX 4090, 9420 MiB, 24564 MiB, 0 %
2, NVIDIA GeForce RTX 4090, 0 MiB, 24564 MiB, 0 %
3, NVIDIA GeForce RTX 4090, 12512 MiB, 24564 MiB, 0 %
0, NVIDIA GeForce RTX 4090, 21996 MiB, 24564 MiB, 0 %
1, NVIDIA GeForce RTX 4090, 9420 MiB, 24564 MiB, 0 %
2, NVIDIA GeForce RTX 4090, 0 MiB, 24564 MiB, 0 %
3, NVIDIA GeForce RTX 4090, 12512 MiB, 24564 MiB, 0 %
0, NVIDIA GeForce RTX 4090, 21996 MiB, 24564 MiB, 0 %
1, NVIDIA GeForce RTX 4090, 9420 MiB, 24564 MiB, 0 %
2, NVIDIA GeForce RTX 4090, 0 MiB, 24564 MiB, 0 %
3, NVIDIA GeForce RTX 4090, 12512 MiB, 24564 MiB, 0 %
0, NVIDIA GeForce RTX 4090, 21996 MiB, 24564 MiB, 0 %
1, NVIDIA GeForce RTX 4090, 9420 MiB, 24564 MiB, 0 %
2, NVIDIA GeForce RTX 4090, 0 MiB, 24564 MiB, 0 %
3, NVIDIA GeForce RTX 4090, 12512 MiB, 24564 MiB, 0 %
0, NVIDIA GeForce RTX 4090, 21996 MiB, 24564 MiB, 0 %
1, NVIDIA GeForce RTX 4090, 9420 MiB, 24564 MiB, 0 %
2, NVIDIA GeForce RTX 4090, 0 MiB, 24564 MiB, 0 %
3, NVIDIA GeForce RTX 4090, 12512 MiB, 24564 MiB, 0 %
0, NVIDIA GeForce RTX 4090, 21996 MiB, 24564 MiB, 0 %
1, NVIDIA GeForce RTX 4090, 9420 MiB, 24564 MiB, 0 %
2, NVIDIA GeForce RTX 4090, 0 MiB, 24564 MiB, 0 %
3, NVIDIA GeForce RTX 4090, 12512 MiB, 24564 MiB, 0 %
0, NVIDIA GeForce RTX 4090, 21996 MiB, 24564 MiB, 0 %
1, NVIDIA GeForce RTX 4090, 9420 MiB, 24564 MiB, 0 %
2, NVIDIA GeForce RTX 4090, 0 MiB, 24564 MiB, 0 %
3, NVIDIA GeForce RTX 4090, 12512 MiB, 24564 MiB, 0 %
0, NVIDIA GeForce RTX 4090, 21996 MiB, 24564 MiB, 0 %
1, NVIDIA GeForce RTX 4090, 9420 MiB, 24564 MiB, 0 %
2, NVIDIA GeForce RTX 4090, 0 MiB, 24564 MiB, 0 %
3, NVIDIA GeForce RTX 4090, 12512 MiB, 24564 MiB, 0 %
0, NVIDIA GeForce RTX 4090, 21996 MiB, 24564 MiB, 0 %
1, NVIDIA GeForce RTX 4090, 9420 MiB, 24564 MiB, 0 %
2, NVIDIA GeForce RTX 4090, 0 MiB, 24564 MiB, 0 %
3, NVIDIA GeForce RTX 4090, 12512 MiB, 24564 MiB, 0 %
0, NVIDIA GeForce RTX 4090, 21996 MiB, 24564 MiB, 0 %
1, NVIDIA GeForce RTX 4090, 9420 MiB, 24564 MiB, 0 %
2, NVIDIA GeForce RTX 4090, 0 MiB, 24564 MiB, 0 %
3, NVIDIA GeForce RTX 4090, 12514 MiB, 24564 MiB, 0 %
0, NVIDIA GeForce RTX 4090, 21996 MiB, 24564 MiB, 0 %
1, NVIDIA GeForce RTX 4090, 9420 MiB, 24564 MiB, 0 %
2, NVIDIA GeForce RTX 4090, 0 MiB, 24564 MiB, 0 %
3, NVIDIA GeForce RTX 4090, 12514 MiB, 24564 MiB, 0 %
0, NVIDIA GeForce RTX 4090, 21996 MiB, 24564 MiB, 0 %
1, NVIDIA GeForce RTX 4090, 9420 MiB, 24564 MiB, 0 %
2, NVIDIA GeForce RTX 4090, 0 MiB, 24564 MiB, 0 %
3, NVIDIA GeForce RTX 4090, 12514 MiB, 24564 MiB, 1 %
0, NVIDIA GeForce RTX 4090, 21996 MiB, 24564 MiB, 0 %
1, NVIDIA GeForce RTX 4090, 9420 MiB, 24564 MiB, 0 %
2, NVIDIA GeForce RTX 4090, 0 MiB, 24564 MiB, 0 %
3, NVIDIA GeForce RTX 4090, 12514 MiB, 24564 MiB, 0 %
0, NVIDIA GeForce RTX 4090, 21996 MiB, 24564 MiB, 0 %
1, NVIDIA GeForce RTX 4090, 9420 MiB, 24564 MiB, 0 %
2, NVIDIA GeForce RTX 4090, 0 MiB, 24564 MiB, 0 %
3, NVIDIA GeForce RTX 4090, 12514 MiB, 24564 MiB, 0 %
0, NVIDIA GeForce RTX 4090, 21996 MiB, 24564 MiB, 0 %
1, NVIDIA GeForce RTX 4090, 9420 MiB, 24564 MiB, 0 %
2, NVIDIA GeForce RTX 4090, 0 MiB, 24564 MiB, 0 %
3, NVIDIA GeForce RTX 4090, 12514 MiB, 24564 MiB, 0 %
0, NVIDIA GeForce RTX 4090, 21996 MiB, 24564 MiB, 0 %
1, NVIDIA GeForce RTX 4090, 9420 MiB, 24564 MiB, 0 %
2, NVIDIA GeForce RTX 4090, 0 MiB, 24564 MiB, 0 %
3, NVIDIA GeForce RTX 4090, 12514 MiB, 24564 MiB, 34 %
0, NVIDIA GeForce RTX 4090, 21996 MiB, 24564 MiB, 0 %
1, NVIDIA GeForce RTX 4090, 9420 MiB, 24564 MiB, 0 %
2, NVIDIA GeForce RTX 4090, 0 MiB, 24564 MiB, 0 %
3, NVIDIA GeForce RTX 4090, 12514 MiB, 24564 MiB, 0 %
0, NVIDIA GeForce RTX 4090, 21996 MiB, 24564 MiB, 0 %
1, NVIDIA GeForce RTX 4090, 9420 MiB, 24564 MiB, 0 %
2, NVIDIA GeForce RTX 4090, 0 MiB, 24564 MiB, 0 %
3, NVIDIA GeForce RTX 4090, 12514 MiB, 24564 MiB, 0 %
0, NVIDIA GeForce RTX 4090, 21996 MiB, 24564 MiB, 0 %
1, NVIDIA GeForce RTX 4090, 9420 MiB, 24564 MiB, 0 %
2, NVIDIA GeForce RTX 4090, 0 MiB, 24564 MiB, 0 %
3, NVIDIA GeForce RTX 4090, 12514 MiB, 24564 MiB, 0 %
0, NVIDIA GeForce RTX 4090, 21996 MiB, 24564 MiB, 0 %
1, NVIDIA GeForce RTX 4090, 9420 MiB, 24564 MiB, 0 %
2, NVIDIA GeForce RTX 4090, 0 MiB, 24564 MiB, 0 %
3, NVIDIA GeForce RTX 4090, 12514 MiB, 24564 MiB, 0 %
0, NVIDIA GeForce RTX 4090, 21996 MiB, 24564 MiB, 0 %
1, NVIDIA GeForce RTX 4090, 9420 MiB, 24564 MiB, 0 %
2, NVIDIA GeForce RTX 4090, 0 MiB, 24564 MiB, 0 %
3, NVIDIA GeForce RTX 4090, 12514 MiB, 24564 MiB, 0 %
0, NVIDIA GeForce RTX 4090, 21996 MiB, 24564 MiB, 0 %
1, NVIDIA GeForce RTX 4090, 9420 MiB, 24564 MiB, 0 %
2, NVIDIA GeForce RTX 4090, 0 MiB, 24564 MiB, 0 %
3, NVIDIA GeForce RTX 4090, 12514 MiB, 24564 MiB, 0 %
0, NVIDIA GeForce RTX 4090, 21996 MiB, 24564 MiB, 0 %
1, NVIDIA GeForce RTX 4090, 9420 MiB, 24564 MiB, 0 %
2, NVIDIA GeForce RTX 4090, 0 MiB, 24564 MiB, 0 %
3, NVIDIA GeForce RTX 4090, 12538 MiB, 24564 MiB, 34 %
0, NVIDIA GeForce RTX 4090, 21996 MiB, 24564 MiB, 0 %
1, NVIDIA GeForce RTX 4090, 9420 MiB, 24564 MiB, 0 %
2, NVIDIA GeForce RTX 4090, 0 MiB, 24564 MiB, 0 %
3, NVIDIA GeForce RTX 4090, 12538 MiB, 24564 MiB, 33 %
0, NVIDIA GeForce RTX 4090, 21996 MiB, 24564 MiB, 0 %
1, NVIDIA GeForce RTX 4090, 9420 MiB, 24564 MiB, 0 %
2, NVIDIA GeForce RTX 4090, 0 MiB, 24564 MiB, 0 %
3, NVIDIA GeForce RTX 4090, 12542 MiB, 24564 MiB, 34 %
0, NVIDIA GeForce RTX 4090, 21996 MiB, 24564 MiB, 0 %
1, NVIDIA GeForce RTX 4090, 9420 MiB, 24564 MiB, 0 %
2, NVIDIA GeForce RTX 4090, 0 MiB, 24564 MiB, 0 %
3, NVIDIA GeForce RTX 4090, 12542 MiB, 24564 MiB, 34 %
0, NVIDIA GeForce RTX 4090, 21996 MiB, 24564 MiB, 0 %
1, NVIDIA GeForce RTX 4090, 9420 MiB, 24564 MiB, 0 %
2, NVIDIA GeForce RTX 4090, 0 MiB, 24564 MiB, 0 %
3, NVIDIA GeForce RTX 4090, 12542 MiB, 24564 MiB, 22 %
0, NVIDIA GeForce RTX 4090, 0 MiB, 24564 MiB, 100 %
1, NVIDIA GeForce RTX 4090, 0 MiB, 24564 MiB, 0 %
2, NVIDIA GeForce RTX 4090, 0 MiB, 24564 MiB, 0 %
3, NVIDIA GeForce RTX 4090, 0 MiB, 24564 MiB, 0 %
